Rank,Name,Year,Conditions,Label
1,Hank Williams – 40 Greatest Hits,(1978),"ALBUMS ON 2003, 2012 & 2020 LISTS",All
2,Muddy Waters – The Anthology,(2001),"ALBUMS ON 2003, 2012 & 2020 LISTS",All
3,Sam Cooke – Portrait of a Legend,(2003),"ALBUMS ON 2003, 2012 & 2020 LISTS",All
4,Ray Charles – The Birth of Soul: The Complete Atlantic Rhythm and Blues Recordings,(1991),"ALBUMS ON 2003, 2012 & 2020 LISTS",All
5,Elvis Presley – The Sun Sessions,(1976),"ALBUMS ON 2003, 2012 & 2020 LISTS",All
6,Frank Sinatra – In the Wee Small Hours,(1955),"ALBUMS ON 2003, 2012 & 2020 LISTS",All
7,Patsy Cline – The Ultimate Collection,(2000),"ALBUMS ON 2003, 2012 & 2020 LISTS",All
8,Chuck Berry – The Great Twenty-Eight,(1982),"ALBUMS ON 2003, 2012 & 2020 LISTS",All
9,"Jerry Lee Lewis – All Killer, No Filler: The Anthology",(1993),"ALBUMS ON 2003, 2012 & 2020 LISTS",All
10,Elvis Presley – Elvis Presley,(1956),"ALBUMS ON 2003, 2012 & 2020 LISTS",All
11,Buddy Holly & the Crickets – 20 Golden Greats,(1978),"ALBUMS ON 2003, 2012 & 2020 LISTS",All
12,James Brown – Star Time,(1991),"ALBUMS ON 2003, 2012 & 2020 LISTS",All
13,Little Richard – Here’s Little Richard,(1957),"ALBUMS ON 2003, 2012 & 2020 LISTS",All
14,Bo Diddley – Bo Diddley/Go Bo Diddley,(1958),"ALBUMS ON 2003, 2012 & 2020 LISTS",All
15,Various Artists – Phil Spector: Back to Mono,(1991),"ALBUMS ON 2003, 2012 & 2020 LISTS",All
16,Miles Davis – Kind of Blue,(1959),"ALBUMS ON 2003, 2012 & 2020 LISTS",All
17,Howlin’ Wolf – Moanin’ in the Moonlight,(1959),"ALBUMS ON 2003, 2012 & 2020 LISTS",All
18,Ornette Coleman – The Shape of Jazz to Come,(1959),"ALBUMS ON 2003, 2012 & 2020 LISTS",All
19,John Coltrane – Giant Steps,(1960),"ALBUMS ON 2003, 2012 & 2020 LISTS",All
20,Ike and Tina Turner – Proud Mary: The Best of Ike and Tina Turner,(1991),"ALBUMS ON 2003, 2012 & 2020 LISTS",All
21,Etta James – At Last!,(1961),"ALBUMS ON 2003, 2012 & 2020 LISTS",All
22,Ray Charles – Modern Sounds in Country and Western Music,(1962),"ALBUMS ON 2003, 2012 & 2020 LISTS",All
23,Merle Haggard – Down Every Road,(1996),"ALBUMS ON 2003, 2012 & 2020 LISTS",All
24,Bob Dylan – The Freewheelin’ Bob Dylan,(1963),"ALBUMS ON 2003, 2012 & 2020 LISTS",All
25,James Brown – Live at the Apollo,(1963),"ALBUMS ON 2003, 2012 & 2020 LISTS",All
26,Sam Cooke – Live at the Harlem Square Cl,(1985),"ALBUMS ON 2003, 2012 & 2020 LISTS",All
27,Various Artists – Nuggets: Original Artyfacts From the First Psychedelic Era,(1972),"ALBUMS ON 2003, 2012 & 2020 LISTS",All
28,The Ronettes – Presenting the Fabulous Ronettes,(1964),"ALBUMS ON 2003, 2012 & 2020 LISTS",All
29,The Beatles – Meet the Beatles!,(1964),"ALBUMS ON 2003, 2012 & 2020 LISTS",All
30,The Beatles – A Hard Day’s Night,(1964),"ALBUMS ON 2003, 2012 & 2020 LISTS",All
31,The Temptations – Anthology,(1973),"ALBUMS ON 2003, 2012 & 2020 LISTS",All
32,Diana Ross and the Supremes – Anthology,(1974),"ALBUMS ON 2003, 2012 & 2020 LISTS",All
33,Bob Dylan- Bringing It All Back Home,(1965),"ALBUMS ON 2003, 2012 & 2020 LISTS",All
34,Bob Dylan – Highway 61 Revisited,(1965),"ALBUMS ON 2003, 2012 & 2020 LISTS",All
35,The Beatles – Help!,(1965),"ALBUMS ON 2003, 2012 & 2020 LISTS",All
36,The Beatles – Rubber Soul,(1965),"ALBUMS ON 2003, 2012 & 2020 LISTS",All
37,John Coltrane – A Love Supreme,(1965),"ALBUMS ON 2003, 2012 & 2020 LISTS",All
38,Otis Redding – Otis Blue/Otis Redding Sings Soul,(1965),"ALBUMS ON 2003, 2012 & 2020 LISTS",All
39,B.B. King – Live at the Regal,(1965),"ALBUMS ON 2003, 2012 & 2020 LISTS",All
40,The Byrds – Mr. Tambourine Man,(1965),"ALBUMS ON 2003, 2012 & 2020 LISTS",All
41,The Beach Boys – Today!,(1965),"ALBUMS ON 2003, 2012 & 2020 LISTS",All
42,Smokey Robinson and the Miracles – Going to a Go Go,(1965),"ALBUMS ON 2003, 2012 & 2020 LISTS",All
43,The Beach Boys – Pet Sounds,(1966),"ALBUMS ON 2003, 2012 & 2020 LISTS",All
44,The Beatles – Revolver,(1966),"ALBUMS ON 2003, 2012 & 2020 LISTS",All
45,Bob Dylan – Blonde on Blonde,(1966),"ALBUMS ON 2003, 2012 & 2020 LISTS",All
46,Otis Redding – Complete & Unbelievable: The Otis Redding Dictionary Of Soul,(1966),"ALBUMS ON 2003, 2012 & 2020 LISTS",All
47,The Rolling Stones – Aftermath,(1966),"ALBUMS ON 2003, 2012 & 2020 LISTS",All
48,The Beatles – Sgt. Pepper’s Lonely Hearts Club Band,(1967),"ALBUMS ON 2003, 2012 & 2020 LISTS",All
49,The Velvet Underground – The Velvet Underground & Nico,(1967),"ALBUMS ON 2003, 2012 & 2020 LISTS",All
50,The Jimi Hendrix Experience – Are You Experienced?,(1967),"ALBUMS ON 2003, 2012 & 2020 LISTS",All
51,The Jimi Hendrix Experience – Axis: Bold as Love,(1967),"ALBUMS ON 2003, 2012 & 2020 LISTS",All
52,Love – Forever Changes,(1967),"ALBUMS ON 2003, 2012 & 2020 LISTS",All
53,The Doors – The Doors,(1967),"ALBUMS ON 2003, 2012 & 2020 LISTS",All
54,Pink Floyd – The Piper at the Gates of Dawn,(1967),"ALBUMS ON 2003, 2012 & 2020 LISTS",All
55,Bob Dylan – John Wesley Harding,(1967),"ALBUMS ON 2003, 2012 & 2020 LISTS",All
56,Jefferson Airplane – Surrealistic Pillow,(1967),"ALBUMS ON 2003, 2012 & 2020 LISTS",All
57,Aretha Franklin – I Never Loved a Man the Way I Love You,(1967),"ALBUMS ON 2003, 2012 & 2020 LISTS",All
58,Cream – Disraeli Gears,(1967),"ALBUMS ON 2003, 2012 & 2020 LISTS",All
59,The Who – Sell Out,(1967),"ALBUMS ON 2003, 2012 & 2020 LISTS",All
60,Bob Dylan and the Band – The Basement Tapes,(1975),"ALBUMS ON 2003, 2012 & 2020 LISTS",All
61,Sly and the Family Stone – Greatest Hits,(1970),"ALBUMS ON 2003, 2012 & 2020 LISTS",All
62,The Beatles – The Beatles [White Album],(1968),"ALBUMS ON 2003, 2012 & 2020 LISTS",All
63,Van Morrison – Astral Weeks,(1968),"ALBUMS ON 2003, 2012 & 2020 LISTS",All
64,The Band – Music From Big Pink,(1968),"ALBUMS ON 2003, 2012 & 2020 LISTS",All
65,Big Brother and the Holding Company – Cheap Thrills,(1968),"ALBUMS ON 2003, 2012 & 2020 LISTS",All
66,The Jimi Hendrix Experience – Electric Ladyland,(1968),"ALBUMS ON 2003, 2012 & 2020 LISTS",All
67,The Rolling Stones – Beggars Banquet,(1968),"ALBUMS ON 2003, 2012 & 2020 LISTS",All
68,The Zombies – Odessy and Oracle,(1968),"ALBUMS ON 2003, 2012 & 2020 LISTS",All
69,Aretha Franklin – Lady Soul,(1968),"ALBUMS ON 2003, 2012 & 2020 LISTS",All
70,Johnny Cash – At Folsom Prison,(1968),"ALBUMS ON 2003, 2012 & 2020 LISTS",All
71,The Byrds – Sweetheart of the Rodeo,(1968),"ALBUMS ON 2003, 2012 & 2020 LISTS",All
72,Dr. John – Gris-Gris,(1968),"ALBUMS ON 2003, 2012 & 2020 LISTS",All
73,The Kinks – Something Else by the Kinks,(1968),"ALBUMS ON 2003, 2012 & 2020 LISTS",All
74,The Velvet Underground – White Light/White Heat,(1968),"ALBUMS ON 2003, 2012 & 2020 LISTS",All
75,The Beatles – Abbey Road,(1969),"ALBUMS ON 2003, 2012 & 2020 LISTS",All
76,Led Zeppelin – Led Zeppelin,(1969),"ALBUMS ON 2003, 2012 & 2020 LISTS",All
77,Led Zeppelin – Led Zeppelin II,(1969),"ALBUMS ON 2003, 2012 & 2020 LISTS",All
78,Rolling Stones – Let It Bleed,(1969),"ALBUMS ON 2003, 2012 & 2020 LISTS",All
79,The Band – The Band,(1969),"ALBUMS ON 2003, 2012 & 2020 LISTS",All
80,The Stooges – The Stooges,(1969),"ALBUMS ON 2003, 2012 & 2020 LISTS",All
81,Sly & the Family Stone – Stand!,(1969),"ALBUMS ON 2003, 2012 & 2020 LISTS",All
82,Dusty Springfield – Dusty in Memphis,(1969),"ALBUMS ON 2003, 2012 & 2020 LISTS",All
83,The Who – Tommy,(1969),"ALBUMS ON 2003, 2012 & 2020 LISTS",All
84,The Flying Burrito Bros – The Gilded Palace of Sin,(1969),"ALBUMS ON 2003, 2012 & 2020 LISTS",All
85,Elvis Presley – From Elvis in Memphis,(1969),"ALBUMS ON 2003, 2012 & 2020 LISTS",All
86,The Meters – Look-Ka Py Py,(1969),"ALBUMS ON 2003, 2012 & 2020 LISTS",All
87,Neil Young with Crazy Horse – Everybody Knows This Is Nowhere,(1969),"ALBUMS ON 2003, 2012 & 2020 LISTS",All
88,The Kinks – The Kinks Are the Village Green Preservation Society,(1969),"ALBUMS ON 2003, 2012 & 2020 LISTS",All
89,"Crosby, Stills & Nash – Crosby, Stills & Nash",(1969),"ALBUMS ON 2003, 2012 & 2020 LISTS",All
90,MC5 – Kick Out the Jams,(1969),"ALBUMS ON 2003, 2012 & 2020 LISTS",All
91,Creedence Clearwater Revival – Willy and the Poor Boys,(1969),"ALBUMS ON 2003, 2012 & 2020 LISTS",All
92,The Velvet Underground – The Velvet Underground,(1969),"ALBUMS ON 2003, 2012 & 2020 LISTS",All
93,John Lennon – John Lennon/Plastic Ono Band,(1970),"ALBUMS ON 2003, 2012 & 2020 LISTS",All
94,George Harrison – All Things Must Pass,(1970),"ALBUMS ON 2003, 2012 & 2020 LISTS",All
95,Simon and Garfunkel – Bridge Over Troubled Water,(1970),"ALBUMS ON 2003, 2012 & 2020 LISTS",All
96,Van Morrison – Moondance,(1970),"ALBUMS ON 2003, 2012 & 2020 LISTS",All
97,Neil Young – After the Gold Rush,(1970),"ALBUMS ON 2003, 2012 & 2020 LISTS",All
98,The Beatles – Let It Be,(1970),"ALBUMS ON 2003, 2012 & 2020 LISTS",All
99,Miles Davis – Bitches Brew,(1970),"ALBUMS ON 2003, 2012 & 2020 LISTS",All
100,James Taylor – Sweet Baby James,(1970),"ALBUMS ON 2003, 2012 & 2020 LISTS",All
101,The Velvet Underground – Loaded,(1970),"ALBUMS ON 2003, 2012 & 2020 LISTS",All
102,Derek and the Dominos – Layla and Other Assorted Love Songs,(1970),"ALBUMS ON 2003, 2012 & 2020 LISTS",All
103,Black Sabbath – Black Sabbath,(1970),"ALBUMS ON 2003, 2012 & 2020 LISTS",All
104,Black Sabbath – Paranoid,(1970),"ALBUMS ON 2003, 2012 & 2020 LISTS",All
105,"Crosby, Stills, Nash, and Young – Déjà Vu",(1970),"ALBUMS ON 2003, 2012 & 2020 LISTS",All
106,The Who – Live at Leeds,(1970),"ALBUMS ON 2003, 2012 & 2020 LISTS",All
107,The Stooges – Fun House,(1970),"ALBUMS ON 2003, 2012 & 2020 LISTS",All
108,Santana – Abraxas,(1970),"ALBUMS ON 2003, 2012 & 2020 LISTS",All
109,Cat Stevens – Tea for the Tillerman,(1970),"ALBUMS ON 2003, 2012 & 2020 LISTS",All
110,Grateful Dead – American Beauty,(1970),"ALBUMS ON 2003, 2012 & 2020 LISTS",All
111,Grateful Dead – Workingman’s Dead,(1970),"ALBUMS ON 2003, 2012 & 2020 LISTS",All
112,Marvin Gaye – What’s Going On,(1971),"ALBUMS ON 2003, 2012 & 2020 LISTS",All
113,Carole King – Tapestry,(1971),"ALBUMS ON 2003, 2012 & 2020 LISTS",All
114,Joni Mitchell – Blue,(1971),"ALBUMS ON 2003, 2012 & 2020 LISTS",All
115,The Who – Who’s Next,(1971),"ALBUMS ON 2003, 2012 & 2020 LISTS",All
116,Allman Brothers Band – At Fillmore East,(1971),"ALBUMS ON 2003, 2012 & 2020 LISTS",All
117,Black Sabbath – Master of Reality,(1971),"ALBUMS ON 2003, 2012 & 2020 LISTS",All
118,Dolly Parton – Coat of Many Colors,(1971),"ALBUMS ON 2003, 2012 & 2020 LISTS",All
119,Rolling Stones – Sticky Fingers,(1971),"ALBUMS ON 2003, 2012 & 2020 LISTS",All
120,Led Zeppelin – Led Zeppelin IV,(1971),"ALBUMS ON 2003, 2012 & 2020 LISTS",All
121,John Lennon – Imagine,(1971),"ALBUMS ON 2003, 2012 & 2020 LISTS",All
122,David Bowie – Hunky Dory,(1971),"ALBUMS ON 2003, 2012 & 2020 LISTS",All
123,Sly and the Family Stone – There’s a Riot Goin’ On,(1971),"ALBUMS ON 2003, 2012 & 2020 LISTS",All
124,Janis Joplin – Pearl,(1971),"ALBUMS ON 2003, 2012 & 2020 LISTS",All
125,Rod Stewart – Every Picture Tells a Story,(1971),"ALBUMS ON 2003, 2012 & 2020 LISTS",All
126,T. Rex – Electric Warrior,(1971),"ALBUMS ON 2003, 2012 & 2020 LISTS",All
127,Funkadelic – Maggot Brain,(1971),"ALBUMS ON 2003, 2012 & 2020 LISTS",All
128,John Prine – John Prine,(1971),"ALBUMS ON 2003, 2012 & 2020 LISTS",All
129,Al Green – Greatest Hits,(1975),"ALBUMS ON 2003, 2012 & 2020 LISTS",All
130,Rolling Stones – Exile on Main Street,(1972),"ALBUMS ON 2003, 2012 & 2020 LISTS",All
131,David Bowie – The Rise and Fall of Ziggy Stardust & the Spiders From Mars,(1972),"ALBUMS ON 2003, 2012 & 2020 LISTS",All
132,Curtis Mayfield – Superfly,(1972),"ALBUMS ON 2003, 2012 & 2020 LISTS",All
133,Neil Young – Harvest,(1972),"ALBUMS ON 2003, 2012 & 2020 LISTS",All
134,Lou Reed – Transformer,(1972),"ALBUMS ON 2003, 2012 & 2020 LISTS",All
135,Steely Dan – Can’t Buy a Thrill,(1972),"ALBUMS ON 2003, 2012 & 2020 LISTS",All
136,Todd Rundgren – Something/Anything?,(1972),"ALBUMS ON 2003, 2012 & 2020 LISTS",All
137,Stevie Wonder – Talking Book,(1972),"ALBUMS ON 2003, 2012 & 2020 LISTS",All
138,Various Artists (incl. Jimmy Cliff) – The Harder They Come: Original Soundtrack,(1972),"ALBUMS ON 2003, 2012 & 2020 LISTS",All
139,Stevie Wonder – Music of My Mind,(1972),"ALBUMS ON 2003, 2012 & 2020 LISTS",All
140,Al Green – I’m Still in Love with You,(1972),"ALBUMS ON 2003, 2012 & 2020 LISTS",All
141,Nick Drake – Pink Moon,(1972),"ALBUMS ON 2003, 2012 & 2020 LISTS",All
142,Randy Newman – Sail Away,(1972),"ALBUMS ON 2003, 2012 & 2020 LISTS",All
143,Eagles – Eagles,(1972),"ALBUMS ON 2003, 2012 & 2020 LISTS",All
144,Elton John – Honky Chateau,(1972),"ALBUMS ON 2003, 2012 & 2020 LISTS",All
145,Big Star – #1 Record,(1972),"ALBUMS ON 2003, 2012 & 2020 LISTS",All
146,The Modern Lovers – The Modern Lovers,(1976),"ALBUMS ON 2003, 2012 & 2020 LISTS",All
147,ABBA – The Definitive Collection,(2001),"ALBUMS ON 2003, 2012 & 2020 LISTS",All
148,Bob Marley – Legend,(1984),"ALBUMS ON 2003, 2012 & 2020 LISTS",All
149,Stevie Wonder – Innervisions,(1973),"ALBUMS ON 2003, 2012 & 2020 LISTS",All
150,Pink Floyd – Dark Side of the Moon,(1973),"ALBUMS ON 2003, 2012 & 2020 LISTS",All
151,Elton John – Goodbye Yellow Brick Road,(1973),"ALBUMS ON 2003, 2012 & 2020 LISTS",All
152,Bob Marley and the Wailers – Catch a Fire,(1973),"ALBUMS ON 2003, 2012 & 2020 LISTS",All
153,"Bruce Springsteen – The Wild, the Innocent, and the E. Street Shuffle",(1973),"ALBUMS ON 2003, 2012 & 2020 LISTS",All
154,Led Zeppelin – Houses of the Holy,(1973),"ALBUMS ON 2003, 2012 & 2020 LISTS",All
155,Marvin Gaye – Let’s Get It On,(1973),"ALBUMS ON 2003, 2012 & 2020 LISTS",All
156,New York Dolls – New York Dolls,(1973),"ALBUMS ON 2003, 2012 & 2020 LISTS",All
157,Al Green – Call Me,(1973),"ALBUMS ON 2003, 2012 & 2020 LISTS",All
158,Toots and the Maytals – Funky Kingston,(1973),"ALBUMS ON 2003, 2012 & 2020 LISTS",All
159,Roxy Music – For Your Pleasure,(1973),"ALBUMS ON 2003, 2012 & 2020 LISTS",All
160,Lynyrd Skynyrd – (Pronounced ‘Lĕh-‘Nérd ‘Skin-‘Nérd),(1973),"ALBUMS ON 2003, 2012 & 2020 LISTS",All
161,Joni Mitchell – Court and Spark,(1974),"ALBUMS ON 2003, 2012 & 2020 LISTS",All
162,Big Star – Radio City,(1974),"ALBUMS ON 2003, 2012 & 2020 LISTS",All
163,Brian Eno – Here Come the Warm Jets,(1974),"ALBUMS ON 2003, 2012 & 2020 LISTS",All
164,Richard and Linda Thompson – I Want to See the Bright Lights Tonight,(1974),"ALBUMS ON 2003, 2012 & 2020 LISTS",All
165,Bob Dylan – Blood on the Tracks,(1975),"ALBUMS ON 2003, 2012 & 2020 LISTS",All
166,Bruce Springsteen – Born to Run,(1975),"ALBUMS ON 2003, 2012 & 2020 LISTS",All
167,Patti Smith – Horses,(1975),"ALBUMS ON 2003, 2012 & 2020 LISTS",All
168,Led Zeppelin – Physical Graffiti,(1975),"ALBUMS ON 2003, 2012 & 2020 LISTS",All
169,Kiss – Alive!,(1975),"ALBUMS ON 2003, 2012 & 2020 LISTS",All
170,Queen – A Night at the Opera,(1975),"ALBUMS ON 2003, 2012 & 2020 LISTS",All
171,Pink Floyd – Wish You Were Here,(1975),"ALBUMS ON 2003, 2012 & 2020 LISTS",All
172,Parliament – The Mothership Connection,(1975),"ALBUMS ON 2003, 2012 & 2020 LISTS",All
173,Neil Young – Tonight’s the Night,(1975),"ALBUMS ON 2003, 2012 & 2020 LISTS",All
174,Brian Eno – Another Green World,(1975),"ALBUMS ON 2003, 2012 & 2020 LISTS",All
175,"Earth, Wind & Fire – That’s the Way of the World",(1975),"ALBUMS ON 2003, 2012 & 2020 LISTS",All
176,Ramones – Ramones,(1976),"ALBUMS ON 2003, 2012 & 2020 LISTS",All
177,The Eagles – Hotel California,(1976),"ALBUMS ON 2003, 2012 & 2020 LISTS",All
178,Stevie Wonder – Songs in the Key of Life,(1976),"ALBUMS ON 2003, 2012 & 2020 LISTS",All
179,David Bowie – Station to Station,(1976),"ALBUMS ON 2003, 2012 & 2020 LISTS",All
180,Aerosmith – Rocks,(1976),"ALBUMS ON 2003, 2012 & 2020 LISTS",All
181,Fleetwood Mac – Rumours,(1977),"ALBUMS ON 2003, 2012 & 2020 LISTS",All
182,"Sex Pistols – Never Mind the Bollocks, Here’s the Sex Pistols",(1977),"ALBUMS ON 2003, 2012 & 2020 LISTS",All
183,Billy Joel – The Stranger,(1977),"ALBUMS ON 2003, 2012 & 2020 LISTS",All
184,The Clash – The Clash,(1977),"ALBUMS ON 2003, 2012 & 2020 LISTS",All
185,Ramones – Rocket to Russia,(1977),"ALBUMS ON 2003, 2012 & 2020 LISTS",All
186,Television – Marquee Moon,(1977),"ALBUMS ON 2003, 2012 & 2020 LISTS",All
187,Steely Dan – Aja,(1977),"ALBUMS ON 2003, 2012 & 2020 LISTS",All
188,Elvis Costello – My Aim Is True,(1977),"ALBUMS ON 2003, 2012 & 2020 LISTS",All
189,Bob Marley & Wailers – Exodus,(1977),"ALBUMS ON 2003, 2012 & 2020 LISTS",All
190,Willie Nelson – Red Headed Stranger,(1977),"ALBUMS ON 2003, 2012 & 2020 LISTS",All
191,Various Artists (incl. Bee Gees) – Saturday Night Fever (Original Soundtrack),(1977),"ALBUMS ON 2003, 2012 & 2020 LISTS",All
192,David Bowie – Low,(1977),"ALBUMS ON 2003, 2012 & 2020 LISTS",All
193,Kraftwerk – Trans-Europe Express,(1977),"ALBUMS ON 2003, 2012 & 2020 LISTS",All
194,Wire – Pink Flag,(1977),"ALBUMS ON 2003, 2012 & 2020 LISTS",All
195,Suicide – Suicide,(1977),"ALBUMS ON 2003, 2012 & 2020 LISTS",All
196,Elvis Costello – This Year’s Model,(1978),"ALBUMS ON 2003, 2012 & 2020 LISTS",All
197,Blondie – Parallel Lines,(1978),"ALBUMS ON 2003, 2012 & 2020 LISTS",All
198,Bruce Springsteen – Darkness on the Edge of Town,(1978),"ALBUMS ON 2003, 2012 & 2020 LISTS",All
199,Funkadelic – One Nation Under a Groove,(1978),"ALBUMS ON 2003, 2012 & 2020 LISTS",All
200,The Rolling Stones – Some Girls,(1978),"ALBUMS ON 2003, 2012 & 2020 LISTS",All
201,The Cars – The Cars,(1978),"ALBUMS ON 2003, 2012 & 2020 LISTS",All
202,Talking Heads – More Songs About Buildings and Food,(1978),"ALBUMS ON 2003, 2012 & 2020 LISTS",All
203,Van Halen – Van Halen,(1978),"ALBUMS ON 2003, 2012 & 2020 LISTS",All
204,Devo – Q: Are We Not Men? A: We Are Devo!,(1978),"ALBUMS ON 2003, 2012 & 2020 LISTS",All
205,Big Star – Third/Sister Lovers,(1978),"ALBUMS ON 2003, 2012 & 2020 LISTS",All
206,"Marvin Gaye – Here, My Dear",(1978),"ALBUMS ON 2003, 2012 & 2020 LISTS",All
207,Michael Jackson – Off the Wall,(1979),"ALBUMS ON 2003, 2012 & 2020 LISTS",All
208,The Clash – London Calling,(1979),"ALBUMS ON 2003, 2012 & 2020 LISTS",All
209,Pink Floyd – The Wall,(1979),"ALBUMS ON 2003, 2012 & 2020 LISTS",All
210,The B52’s – The B-52’s,(1979),"ALBUMS ON 2003, 2012 & 2020 LISTS",All
211,Gang of Four – Entertainment!,(1979),"ALBUMS ON 2003, 2012 & 2020 LISTS",All
212,Tom Petty & the Heartbreakers – Damn the Torpedoes,(1979),"ALBUMS ON 2003, 2012 & 2020 LISTS",All
213,Neil Young – Rust Never Sleeps,(1979),"ALBUMS ON 2003, 2012 & 2020 LISTS",All
214,Buzzcocks – Singles Going Steady,(1979),"ALBUMS ON 2003, 2012 & 2020 LISTS",All
215,AC/DC – Back in Black,(1980),"ALBUMS ON 2003, 2012 & 2020 LISTS",All
216,Talking Heads – Remain in Light,(1980),"ALBUMS ON 2003, 2012 & 2020 LISTS",All
217,The Pretenders – Pretenders,(1980),"ALBUMS ON 2003, 2012 & 2020 LISTS",All
218,Joy Division – Closer,(1980),"ALBUMS ON 2003, 2012 & 2020 LISTS",All
219,Prince – Dirty Mind,(1980),"ALBUMS ON 2003, 2012 & 2020 LISTS",All
220,X – Los Angeles,(1980),"ALBUMS ON 2003, 2012 & 2020 LISTS",All
221,The Clash – Sandanista!,(1980),"ALBUMS ON 2003, 2012 & 2020 LISTS",All
222,The Go-Gos – Beauty and the Beat,(1981),"ALBUMS ON 2003, 2012 & 2020 LISTS",All
223,Black Flag – Damaged,(1981),"ALBUMS ON 2003, 2012 & 2020 LISTS",All
224,Michael Jackson – Thriller,(1982),"ALBUMS ON 2003, 2012 & 2020 LISTS",All
225,Prince – 1999,(1982),"ALBUMS ON 2003, 2012 & 2020 LISTS",All
226,Bruce Springsteen – Nebraska,(1982),"ALBUMS ON 2003, 2012 & 2020 LISTS",All
227,R.E.M. – Murmur,(1983),"ALBUMS ON 2003, 2012 & 2020 LISTS",All
228,Run-DMC – Run D.M.C.,(1983),"ALBUMS ON 2003, 2012 & 2020 LISTS",All
229,The Police- Synchronicity,(1983),"ALBUMS ON 2003, 2012 & 2020 LISTS",All
230,Cyndi Lauper – She’s So Unusual,(1983),"ALBUMS ON 2003, 2012 & 2020 LISTS",All
231,Madonna – The Immaculate Collection,(1990),"ALBUMS ON 2003, 2012 & 2020 LISTS",All
232,Minutemen – Double Nickels on the Dime,(1984),"ALBUMS ON 2003, 2012 & 2020 LISTS",All
233,The Replacements – Let It Be,(1984),"ALBUMS ON 2003, 2012 & 2020 LISTS",All
234,Los Lobos – How Will the Wolf Survive?,(1984),"ALBUMS ON 2003, 2012 & 2020 LISTS",All
235,Prince – Purple Rain,(1984),"ALBUMS ON 2003, 2012 & 2020 LISTS",All
236,Bruce Springsteen – Born in the U.S.A.,(1984),"ALBUMS ON 2003, 2012 & 2020 LISTS",All
237,Hüsker Dü – New Day Rising,(1985),"ALBUMS ON 2003, 2012 & 2020 LISTS",All
238,Whitney Houston – Whitney Houston,(1985),"ALBUMS ON 2003, 2012 & 2020 LISTS",All
239,Dire Straits – Brothers in Arms,(1985),"ALBUMS ON 2003, 2012 & 2020 LISTS",All
240,Tom Waits – Rain Dogs,(1985),"ALBUMS ON 2003, 2012 & 2020 LISTS",All
241,Paul Simon – Graceland,(1986),"ALBUMS ON 2003, 2012 & 2020 LISTS",All
242,Run DMC – Raising Hell,(1986),"ALBUMS ON 2003, 2012 & 2020 LISTS",All
243,Metallica – Master of Puppets,(1986),"ALBUMS ON 2003, 2012 & 2020 LISTS",All
244,Peter Gabriel – So,(1986),"ALBUMS ON 2003, 2012 & 2020 LISTS",All
245,The Smiths – The Queen Is Dead,(1986),"ALBUMS ON 2003, 2012 & 2020 LISTS",All
246,Beastie Boys – Licensed to Ill,(1986),"ALBUMS ON 2003, 2012 & 2020 LISTS",All
247,U2 – The Joshua Tree,(1987),"ALBUMS ON 2003, 2012 & 2020 LISTS",All
248,Guns ‘N’ Roses – Appetite for Destruction,(1987),"ALBUMS ON 2003, 2012 & 2020 LISTS",All
249,Prince – Sign o’ the Times,(1987),"ALBUMS ON 2003, 2012 & 2020 LISTS",All
250,Michael Jackson – Bad,(1987),"ALBUMS ON 2003, 2012 & 2020 LISTS",All
251,Eric B. and Rakim – Paid in Full,(1987),"ALBUMS ON 2003, 2012 & 2020 LISTS",All
252,George Michael – Faith,(1987),"ALBUMS ON 2003, 2012 & 2020 LISTS",All
253,Public Enemy – It Takes a Nation of Millions to Hold Us Back,(1988),"ALBUMS ON 2003, 2012 & 2020 LISTS",All
254,N.W.A. – Straight Outta Compton,(1988),"ALBUMS ON 2003, 2012 & 2020 LISTS",All
255,Tracy Chapman – Tracy Chapman,(1988),"ALBUMS ON 2003, 2012 & 2020 LISTS",All
256,Pixies – Surfer Rosa,(1988),"ALBUMS ON 2003, 2012 & 2020 LISTS",All
257,Sonic Youth – Daydream Nation,(1988),"ALBUMS ON 2003, 2012 & 2020 LISTS",All
258,Beastie Boys – Paul’s Boutique,(1989),"ALBUMS ON 2003, 2012 & 2020 LISTS",All
259,Pixies – Doolittle,(1989),"ALBUMS ON 2003, 2012 & 2020 LISTS",All
260,Bonnie Raitt – Nick of Time,(1989),"ALBUMS ON 2003, 2012 & 2020 LISTS",All
261,Madonna – Like a Prayer,(1989),"ALBUMS ON 2003, 2012 & 2020 LISTS",All
262,Janet Jackson – Rhythm Nation 1814,(1989),"ALBUMS ON 2003, 2012 & 2020 LISTS",All
263,The Cure – Disintegration,(1989),"ALBUMS ON 2003, 2012 & 2020 LISTS",All
264,De La Soul – 3 Feet High and Rising,(1989),"ALBUMS ON 2003, 2012 & 2020 LISTS",All
265,Public Enemy – Fear of a Black Planet,(1990),"ALBUMS ON 2003, 2012 & 2020 LISTS",All
266,Depeche Mode – Violator,(1990),"ALBUMS ON 2003, 2012 & 2020 LISTS",All
267,Sinéad O’Connor – I Do Not Want What I Haven’t Got,(1990),"ALBUMS ON 2003, 2012 & 2020 LISTS",All
268,Nirvana – Nevermind,(1991),"ALBUMS ON 2003, 2012 & 2020 LISTS",All
269,U2 – Achtung Baby,(1991),"ALBUMS ON 2003, 2012 & 2020 LISTS",All
270,A Tribe Called Quest – The Low End Theory,(1991),"ALBUMS ON 2003, 2012 & 2020 LISTS",All
271,Pearl Jam – Ten,(1991),"ALBUMS ON 2003, 2012 & 2020 LISTS",All
272,My Bloody Valentine – Loveless,(1991),"ALBUMS ON 2003, 2012 & 2020 LISTS",All
273,Metallica – Metallica (The Black Album),(1991),"ALBUMS ON 2003, 2012 & 2020 LISTS",All
274,Red Hot Chili Peppers – Blood Sugar Sex Magik,(1991),"ALBUMS ON 2003, 2012 & 2020 LISTS",All
275,Massive Attack – Blue Lines,(1991),"ALBUMS ON 2003, 2012 & 2020 LISTS",All
276,R.E.M. – Automatic for the People,(1992),"ALBUMS ON 2003, 2012 & 2020 LISTS",All
277,Dr. Dre – The Chronic,(1992),"ALBUMS ON 2003, 2012 & 2020 LISTS",All
278,Rage Against the Machine – Rage Against the Machine,(1992),"ALBUMS ON 2003, 2012 & 2020 LISTS",All
279,Pavement – Slanted and Enchanted,(1993),"ALBUMS ON 2003, 2012 & 2020 LISTS",All
280,Smashing Pumpkins – Siamese Dream,(1993),"ALBUMS ON 2003, 2012 & 2020 LISTS",All
281,Wu-Tang Clan – Enter the Wu-Tang (36 Chambers),(1993),"ALBUMS ON 2003, 2012 & 2020 LISTS",All
282,PJ Harvey – Rid of Me,(1993),"ALBUMS ON 2003, 2012 & 2020 LISTS",All
283,Nirvana – In Utero,(1993),"ALBUMS ON 2003, 2012 & 2020 LISTS",All
284,Liz Phair – Exile in Guyville,(1993),"ALBUMS ON 2003, 2012 & 2020 LISTS",All
285,Notorious B.I.G. – Ready to Die,(1994),"ALBUMS ON 2003, 2012 & 2020 LISTS",All
286,Green Day – Dookie,(1994),"ALBUMS ON 2003, 2012 & 2020 LISTS",All
287,Nine Inch Nails – The Downward Spiral,(1994),"ALBUMS ON 2003, 2012 & 2020 LISTS",All
288,"Pavement – Crooked Rain, Crooked Rain",(1994),"ALBUMS ON 2003, 2012 & 2020 LISTS",All
289,Mary J. Blige – My Life,(1994),"ALBUMS ON 2003, 2012 & 2020 LISTS",All
290,Weezer – Weezer (The Blue Album),(1994),"ALBUMS ON 2003, 2012 & 2020 LISTS",All
291,Jeff Buckley – Grace,(1994),"ALBUMS ON 2003, 2012 & 2020 LISTS",All
292,Nirvana – Unplugged in New York,(1994),"ALBUMS ON 2003, 2012 & 2020 LISTS",All
293,TLC – CrazySexyCool,(1994),"ALBUMS ON 2003, 2012 & 2020 LISTS",All
294,Nas – Illmatic,(1994),"ALBUMS ON 2003, 2012 & 2020 LISTS",All
295,Portishead – Dummy,(1994),"ALBUMS ON 2003, 2012 & 2020 LISTS",All
296,Hole – Live Through This,(1994),"ALBUMS ON 2003, 2012 & 2020 LISTS",All
297,Björk – Post,(1995),"ALBUMS ON 2003, 2012 & 2020 LISTS",All
298,Oasis – (What’s the Story) Morning Glory?,(1995),"ALBUMS ON 2003, 2012 & 2020 LISTS",All
299,Beck – Odelay,(1996),"ALBUMS ON 2003, 2012 & 2020 LISTS",All
300,Jay-Z – Reasonable Doubt,(1996),"ALBUMS ON 2003, 2012 & 2020 LISTS",All
301,Fugees – The Score,(1996),"ALBUMS ON 2003, 2012 & 2020 LISTS",All
302,The Notorious B.I.G. – Life After Death,(1997),"ALBUMS ON 2003, 2012 & 2020 LISTS",All
303,Radiohead – OK Computer,(1997),"ALBUMS ON 2003, 2012 & 2020 LISTS",All
304,Janet Jackson – The Velvet Rope,(1997),"ALBUMS ON 2003, 2012 & 2020 LISTS",All
305,Radiohead – Kid A,(2000),"ALBUMS ON 2003, 2012 & 2020 LISTS",All
306,Lucinda Williams – Car Wheels on a Gravel Road,(1998),"ALBUMS ON 2003, 2012 & 2020 LISTS",All
307,Lauryn Hill – The Miseducation of Lauryn Hill,(1998),"ALBUMS ON 2003, 2012 & 2020 LISTS",All
308,Madonna – Ray of Light,(1998),"ALBUMS ON 2003, 2012 & 2020 LISTS",All
309,Eminem – The Slim Shady LP,(1999),"ALBUMS ON 2003, 2012 & 2020 LISTS",All
310,Red Hot Chili Peppers – Californication,(1999),"ALBUMS ON 2003, 2012 & 2020 LISTS",All
311,Eminem – The Marshall Mathers LP,(2000),"ALBUMS ON 2003, 2012 & 2020 LISTS",All
312,D’Angelo- Voodoo,(2000),"ALBUMS ON 2003, 2012 & 2020 LISTS",All
313,Outkast – Stankonia,(2000),"ALBUMS ON 2003, 2012 & 2020 LISTS",All
314,The Strokes – Is This It?,(2001),"ALBUMS ON 2003, 2012 & 2020 LISTS",All
315,Jay-Z – The Blueprint,(2001),"ALBUMS ON 2003, 2012 & 2020 LISTS",All
316,Bob Dylan – Love and Theft,(2001),"ALBUMS ON 2003, 2012 & 2020 LISTS",All
317,Coldplay – A Rush of Blood to the Head,(2002),"ALBUMS ON 2003, 2012 & 2020 LISTS",All
318,The White Stripes – Elephant,(2003),"ALBUMS ON 2003, 2012 & 2020 LISTS",All
1,Various Artists – Anthology of American Folk Music,(1952),"ALBUMS ON 2003 and 2012 LISTS, BUT NOT 2020 LIST",2003 and 2012
2,John Lee Hooker – The Ultimate Collection,(1991),"ALBUMS ON 2003 and 2012 LISTS, BUT NOT 2020 LIST",2003 and 2012
3,Professor Longhair – New Orleans Piano,(1972),"ALBUMS ON 2003 and 2012 LISTS, BUT NOT 2020 LIST",2003 and 2012
4,Various Artists – The Sun Records Collection,(1994),"ALBUMS ON 2003 and 2012 LISTS, BUT NOT 2020 LIST",2003 and 2012
5,Little Walter – The Best of Little Walter,(1958),"ALBUMS ON 2003 and 2012 LISTS, BUT NOT 2020 LIST",2003 and 2012
6,The Drifters – Golden Hits,(1968),"ALBUMS ON 2003 and 2012 LISTS, BUT NOT 2020 LIST",2003 and 2012
7,Frank Sinatra – Songs for Swingin’ Lovers!,(1956),"ALBUMS ON 2003 and 2012 LISTS, BUT NOT 2020 LIST",2003 and 2012
8,Bobby Bland – Two Steps From the Blues,(1961),"ALBUMS ON 2003 and 2012 LISTS, BUT NOT 2020 LIST",2003 and 2012
9,Jackie Wilson – Mr. Excitement!,(1992),"ALBUMS ON 2003 and 2012 LISTS, BUT NOT 2020 LIST",2003 and 2012
10,The Crickets (feat. Buddy Holly) – The “Chirping” Crickets,(1957),"ALBUMS ON 2003 and 2012 LISTS, BUT NOT 2020 LIST",2003 and 2012
11,Ray Charles – The Genius of Ray Charles,(1959),"ALBUMS ON 2003 and 2012 LISTS, BUT NOT 2020 LIST",2003 and 2012
12,Muddy Waters – At Newport 1960,(1960),"ALBUMS ON 2003 and 2012 LISTS, BUT NOT 2020 LIST",2003 and 2012
13,Miles Davis – Sketches of Spain,(1960),"ALBUMS ON 2003 and 2012 LISTS, BUT NOT 2020 LIST",2003 and 2012
14,Howlin’ Wolf – Howlin’ Wolf,(1962),"ALBUMS ON 2003 and 2012 LISTS, BUT NOT 2020 LIST",2003 and 2012
15,"Various Artists – The Best of the Girl Groups, Vols. 1 and 2",(1990),"ALBUMS ON 2003 and 2012 LISTS, BUT NOT 2020 LIST",2003 and 2012
16,Curtis Mayfield & the Impressions – The Anthology,(1992),"ALBUMS ON 2003 and 2012 LISTS, BUT NOT 2020 LIST",2003 and 2012
17,Various Artists – A Christmas Gift for You from Phil Spector,(1963),"ALBUMS ON 2003 and 2012 LISTS, BUT NOT 2020 LIST",2003 and 2012
18,The Beatles – Please Please Me,(1963),"ALBUMS ON 2003 and 2012 LISTS, BUT NOT 2020 LIST",2003 and 2012
19,Stan Getz and João Gilberto – Getz/Gilberto,(1964),"ALBUMS ON 2003 and 2012 LISTS, BUT NOT 2020 LIST",2003 and 2012
20,Muddy Waters – Folk Singer,(1964),"ALBUMS ON 2003 and 2012 LISTS, BUT NOT 2020 LIST",2003 and 2012
21,Loretta Lynn – All Time Greatest Hits,(2002),"ALBUMS ON 2003 and 2012 LISTS, BUT NOT 2020 LIST",2003 and 2012
22,The Rolling Stones- Out of Our Heads,(1965),"ALBUMS ON 2003 and 2012 LISTS, BUT NOT 2020 LIST",2003 and 2012
23,The Who – The Who Sings My Generation,(1965),"ALBUMS ON 2003 and 2012 LISTS, BUT NOT 2020 LIST",2003 and 2012
24,The Yardbirds – Having a Rave Up With the Yardbirds,(1965),"ALBUMS ON 2003 and 2012 LISTS, BUT NOT 2020 LIST",2003 and 2012
25,The Paul Butterfield Blues Band – The Paul Butterfield Blues Band,(1965),"ALBUMS ON 2003 and 2012 LISTS, BUT NOT 2020 LIST",2003 and 2012
26,"The Rolling Stones – The Rolling Stones, Now!",(1965),"ALBUMS ON 2003 and 2012 LISTS, BUT NOT 2020 LIST",2003 and 2012
27,The Mamas and the Papas – If You Can Believe Your Eyes and Ears,(1966),"ALBUMS ON 2003 and 2012 LISTS, BUT NOT 2020 LIST",2003 and 2012
28,Cream – Fresh Cream,(1966),"ALBUMS ON 2003 and 2012 LISTS, BUT NOT 2020 LIST",2003 and 2012
29,John Mayall – Blues Breakers with Eric Clapton,(1966),"ALBUMS ON 2003 and 2012 LISTS, BUT NOT 2020 LIST",2003 and 2012
30,The Mothers of Invention – Freak Out!,(1966),"ALBUMS ON 2003 and 2012 LISTS, BUT NOT 2020 LIST",2003 and 2012
31,The Yardbirds – Roger the Engineer,(1966),"ALBUMS ON 2003 and 2012 LISTS, BUT NOT 2020 LIST",2003 and 2012
32,The Who – A Quick One (Happy Jack),(1966),"ALBUMS ON 2003 and 2012 LISTS, BUT NOT 2020 LIST",2003 and 2012
33,"Simon and Garfunkel – Parsley, Sage, Rosemary and Thyme",(1966),"ALBUMS ON 2003 and 2012 LISTS, BUT NOT 2020 LIST",2003 and 2012
34,Albert King – Born Under a Bad Sign,(1967),"ALBUMS ON 2003 and 2012 LISTS, BUT NOT 2020 LIST",2003 and 2012
35,Moby Grape – Moby Grape,(1967),"ALBUMS ON 2003 and 2012 LISTS, BUT NOT 2020 LIST",2003 and 2012
36,Buffalo Springfield – Buffalo Springfield Again,(1967),"ALBUMS ON 2003 and 2012 LISTS, BUT NOT 2020 LIST",2003 and 2012
37,The Rolling Stones – Between the Buttons,(1967),"ALBUMS ON 2003 and 2012 LISTS, BUT NOT 2020 LIST",2003 and 2012
38,The Doors – Strange Days,(1967),"ALBUMS ON 2003 and 2012 LISTS, BUT NOT 2020 LIST",2003 and 2012
39,The Byrds – Younger Than Yesterday,(1967),"ALBUMS ON 2003 and 2012 LISTS, BUT NOT 2020 LIST",2003 and 2012
40,Linda Ronstadt – The Very Best of Linda Ronstadt,(2002),"ALBUMS ON 2003 and 2012 LISTS, BUT NOT 2020 LIST",2003 and 2012
41,Otis Redding – The Dock of the Bay,(1968),"ALBUMS ON 2003 and 2012 LISTS, BUT NOT 2020 LIST",2003 and 2012
42,Cream – Wheels of Fire,(1968),"ALBUMS ON 2003 and 2012 LISTS, BUT NOT 2020 LIST",2003 and 2012
43,The Byrds – The Notorious Byrd Brothers,(1968),"ALBUMS ON 2003 and 2012 LISTS, BUT NOT 2020 LIST",2003 and 2012
44,"Blood, Sweat and Tears – Child Is Father to the Man",(1968),"ALBUMS ON 2003 and 2012 LISTS, BUT NOT 2020 LIST",2003 and 2012
45,Mothers of Invention – We’re Only in It for the Money,(1968),"ALBUMS ON 2003 and 2012 LISTS, BUT NOT 2020 LIST",2003 and 2012
46,Simon and Garfunkel – Bookends,(1968),"ALBUMS ON 2003 and 2012 LISTS, BUT NOT 2020 LIST",2003 and 2012
47,Grateful Dead – Anthem of the Sun,(1968),"ALBUMS ON 2003 and 2012 LISTS, BUT NOT 2020 LIST",2003 and 2012
48,Neil Diamond – The Neil Diamond Collection,(1999),"ALBUMS ON 2003 and 2012 LISTS, BUT NOT 2020 LIST",2003 and 2012
49,Santana – Santana,(1969),"ALBUMS ON 2003 and 2012 LISTS, BUT NOT 2020 LIST",2003 and 2012
50,Captain Beefheart – Trout Mask Replica,(1969),"ALBUMS ON 2003 and 2012 LISTS, BUT NOT 2020 LIST",2003 and 2012
51,Quicksilver Messenger Service – Happy Trails,(1969),"ALBUMS ON 2003 and 2012 LISTS, BUT NOT 2020 LIST",2003 and 2012
52,Grateful Dead – Live/Dead,(1969),"ALBUMS ON 2003 and 2012 LISTS, BUT NOT 2020 LIST",2003 and 2012
53,Jefferson Airplane – Volunteers,(1969),"ALBUMS ON 2003 and 2012 LISTS, BUT NOT 2020 LIST",2003 and 2012
54,James Brown – In the Jungle Groove,(1986),"ALBUMS ON 2003 and 2012 LISTS, BUT NOT 2020 LIST",2003 and 2012
55,The Carpenters – Close to You,(1970),"ALBUMS ON 2003 and 2012 LISTS, BUT NOT 2020 LIST",2003 and 2012
56,MC5 – Back in the USA,(1970),"ALBUMS ON 2003 and 2012 LISTS, BUT NOT 2020 LIST",2003 and 2012
57,Elton John – Tumbleweed Connection,(1970),"ALBUMS ON 2003 and 2012 LISTS, BUT NOT 2020 LIST",2003 and 2012
58,Randy Newman – 12 Songs,(1970),"ALBUMS ON 2003 and 2012 LISTS, BUT NOT 2020 LIST",2003 and 2012
59,Elton John – Greatest Hits,(1974),"ALBUMS ON 2003 and 2012 LISTS, BUT NOT 2020 LIST",2003 and 2012
60,The Doors – L.A. Woman,(1971),"ALBUMS ON 2003 and 2012 LISTS, BUT NOT 2020 LIST",2003 and 2012
61,Alice Cooper – Love It to Death,(1971),"ALBUMS ON 2003 and 2012 LISTS, BUT NOT 2020 LIST",2003 and 2012
62,Jethro Tull – Aqualung,(1971),"ALBUMS ON 2003 and 2012 LISTS, BUT NOT 2020 LIST",2003 and 2012
63,The Kinks – The Kink Kronikles,(1972),"ALBUMS ON 2003 and 2012 LISTS, BUT NOT 2020 LIST",2003 and 2012
64,The O’Jays – Back Stabbers,(1972),"ALBUMS ON 2003 and 2012 LISTS, BUT NOT 2020 LIST",2003 and 2012
65,Dr. John – Dr. John’s Gumbo,(1972),"ALBUMS ON 2003 and 2012 LISTS, BUT NOT 2020 LIST",2003 and 2012
66,Mott the Hoople – All the Young Dudes,(1972),"ALBUMS ON 2003 and 2012 LISTS, BUT NOT 2020 LIST",2003 and 2012
67,War- The World Is a Ghetto,(1972),"ALBUMS ON 2003 and 2012 LISTS, BUT NOT 2020 LIST",2003 and 2012
68,The Rolling Stones – Tattoo You,(1981),"ALBUMS ON 2003 and 2012 LISTS, BUT NOT 2020 LIST",2003 and 2012
69,Sly and the Family Stone – Fresh,(1973),"ALBUMS ON 2003 and 2012 LISTS, BUT NOT 2020 LIST",2003 and 2012
70,The Wailers – Burnin’,(1973),"ALBUMS ON 2003 and 2012 LISTS, BUT NOT 2020 LIST",2003 and 2012
71,Jackson Browne – For Everyman,(1973),"ALBUMS ON 2003 and 2012 LISTS, BUT NOT 2020 LIST",2003 and 2012
72,The Stooges – Raw Power,(1973),"ALBUMS ON 2003 and 2012 LISTS, BUT NOT 2020 LIST",2003 and 2012
73,ZZ Top – Tres Hombres,(1973),"ALBUMS ON 2003 and 2012 LISTS, BUT NOT 2020 LIST",2003 and 2012
74,Paul McCartney and Wings – Band on the Run,(1973),"ALBUMS ON 2003 and 2012 LISTS, BUT NOT 2020 LIST",2003 and 2012
75,Mott the Hoople – Mott,(1973),"ALBUMS ON 2003 and 2012 LISTS, BUT NOT 2020 LIST",2003 and 2012
76,Lou Reed – Berlin,(1973),"ALBUMS ON 2003 and 2012 LISTS, BUT NOT 2020 LIST",2003 and 2012
77,The Who – Quadrophenia,(1973),"ALBUMS ON 2003 and 2012 LISTS, BUT NOT 2020 LIST",2003 and 2012
78,David Bowie – Aladdin Sane,(1973),"ALBUMS ON 2003 and 2012 LISTS, BUT NOT 2020 LIST",2003 and 2012
79,Tom Waits – The Heart of Saturday Night,(1974),"ALBUMS ON 2003 and 2012 LISTS, BUT NOT 2020 LIST",2003 and 2012
80,Gram Parsons – Grievous Angel,(1974),"ALBUMS ON 2003 and 2012 LISTS, BUT NOT 2020 LIST",2003 and 2012
81,Jackson Browne – Late for the Sky,(1974),"ALBUMS ON 2003 and 2012 LISTS, BUT NOT 2020 LIST",2003 and 2012
82,Barry White – Can’t Get Enough,(1974),"ALBUMS ON 2003 and 2012 LISTS, BUT NOT 2020 LIST",2003 and 2012
83,Labelle – Nightbirds,(1974),"ALBUMS ON 2003 and 2012 LISTS, BUT NOT 2020 LIST",2003 and 2012
84,The Meters – Rejuvenation,(1974),"ALBUMS ON 2003 and 2012 LISTS, BUT NOT 2020 LIST",2003 and 2012
85,Steely Dan – Pretzel Logic,(1974),"ALBUMS ON 2003 and 2012 LISTS, BUT NOT 2020 LIST",2003 and 2012
86,Eric Clapton – 461 Ocean Boulevard,(1974),"ALBUMS ON 2003 and 2012 LISTS, BUT NOT 2020 LIST",2003 and 2012
87,Bob Marley and the Wailers – Natty Dread,(1974),"ALBUMS ON 2003 and 2012 LISTS, BUT NOT 2020 LIST",2003 and 2012
88,Randy Newman – Good Old Boys,(1974),"ALBUMS ON 2003 and 2012 LISTS, BUT NOT 2020 LIST",2003 and 2012
89,Elton John- Captain Fantastic and the Brown Dirt Cowboy,(1975),"ALBUMS ON 2003 and 2012 LISTS, BUT NOT 2020 LIST",2003 and 2012
90,Roxy Music – Siren,(1975),"ALBUMS ON 2003 and 2012 LISTS, BUT NOT 2020 LIST",2003 and 2012
91,Aerosmith – Toys in the Attic,(1975),"ALBUMS ON 2003 and 2012 LISTS, BUT NOT 2020 LIST",2003 and 2012
92,Fleetwood Mac – Fleetwood Mac,(1975),"ALBUMS ON 2003 and 2012 LISTS, BUT NOT 2020 LIST",2003 and 2012
93,Bob Dylan – Desire,(1976),"ALBUMS ON 2003 and 2012 LISTS, BUT NOT 2020 LIST",2003 and 2012
94,Steve Miller Band – Fly Like an Eagle,(1976),"ALBUMS ON 2003 and 2012 LISTS, BUT NOT 2020 LIST",2003 and 2012
95,Jackson Browne – The Pretender,(1976),"ALBUMS ON 2003 and 2012 LISTS, BUT NOT 2020 LIST",2003 and 2012
96,Kiss – Destroyer,(1976),"ALBUMS ON 2003 and 2012 LISTS, BUT NOT 2020 LIST",2003 and 2012
97,Cheap Trick – In Color,(1977),"ALBUMS ON 2003 and 2012 LISTS, BUT NOT 2020 LIST",2003 and 2012
98,Meat Loaf – Bat Out of Hell,(1977),"ALBUMS ON 2003 and 2012 LISTS, BUT NOT 2020 LIST",2003 and 2012
99,Eric Clapton – Slowhand,(1977),"ALBUMS ON 2003 and 2012 LISTS, BUT NOT 2020 LIST",2003 and 2012
100,Talking Heads – Talking Heads: 77,(1977),"ALBUMS ON 2003 and 2012 LISTS, BUT NOT 2020 LIST",2003 and 2012
101,Cheap Trick – At Budokan,(1978),"ALBUMS ON 2003 and 2012 LISTS, BUT NOT 2020 LIST",2003 and 2012
102,Billy Joel – 52nd Street,(1978),"ALBUMS ON 2003 and 2012 LISTS, BUT NOT 2020 LIST",2003 and 2012
103,The Police – Outlandos D’Amour,(1978),"ALBUMS ON 2003 and 2012 LISTS, BUT NOT 2020 LIST",2003 and 2012
104,Willie Nelson – Stardust,(1978),"ALBUMS ON 2003 and 2012 LISTS, BUT NOT 2020 LIST",2003 and 2012
105,The Cure – Boys Don’t Cry,(1980),"ALBUMS ON 2003 and 2012 LISTS, BUT NOT 2020 LIST",2003 and 2012
106,The Police – Regatta de Blanc,(1979),"ALBUMS ON 2003 and 2012 LISTS, BUT NOT 2020 LIST",2003 and 2012
107,Graham Parker – Squeezing Out Sparks,(1979),"ALBUMS ON 2003 and 2012 LISTS, BUT NOT 2020 LIST",2003 and 2012
108,AC/DC – Highway to Hell,(1979),"ALBUMS ON 2003 and 2012 LISTS, BUT NOT 2020 LIST",2003 and 2012
109,"Public Image, Ltd. – Metal Box",(1979),"ALBUMS ON 2003 and 2012 LISTS, BUT NOT 2020 LIST",2003 and 2012
110,Elvis Costello and the Attractions – Armed Forces,(1979),"ALBUMS ON 2003 and 2012 LISTS, BUT NOT 2020 LIST",2003 and 2012
111,Bruce Springsteen – The River,(1980),"ALBUMS ON 2003 and 2012 LISTS, BUT NOT 2020 LIST",2003 and 2012
112,U2 – Boy,(1980),"ALBUMS ON 2003 and 2012 LISTS, BUT NOT 2020 LIST",2003 and 2012
113,Echo and the Bunnymen – Heaven Up Here,(1981),"ALBUMS ON 2003 and 2012 LISTS, BUT NOT 2020 LIST",2003 and 2012
114,X – Wild Gift,(1981),"ALBUMS ON 2003 and 2012 LISTS, BUT NOT 2020 LIST",2003 and 2012
115,The Police – Ghost in the Machine,(1981),"ALBUMS ON 2003 and 2012 LISTS, BUT NOT 2020 LIST",2003 and 2012
116,New Order – Substance,(1987),"ALBUMS ON 2003 and 2012 LISTS, BUT NOT 2020 LIST",2003 and 2012
117,Elvis Costello & the Attractions – Imperial Bedroom,(1982),"ALBUMS ON 2003 and 2012 LISTS, BUT NOT 2020 LIST",2003 and 2012
118,Richard and Linda Thompson – Shoot Out the Lights,(1982),"ALBUMS ON 2003 and 2012 LISTS, BUT NOT 2020 LIST",2003 and 2012
119,Eurythmics – Touch,(1983),"ALBUMS ON 2003 and 2012 LISTS, BUT NOT 2020 LIST",2003 and 2012
120,ZZ Top – Eliminator,(1983),"ALBUMS ON 2003 and 2012 LISTS, BUT NOT 2020 LIST",2003 and 2012
121,U2 – War,(1983),"ALBUMS ON 2003 and 2012 LISTS, BUT NOT 2020 LIST",2003 and 2012
122,The Smiths – Louder Than Bombs,(1987),"ALBUMS ON 2003 and 2012 LISTS, BUT NOT 2020 LIST",2003 and 2012
123,The Smiths – The Smiths,(1984),"ALBUMS ON 2003 and 2012 LISTS, BUT NOT 2020 LIST",2003 and 2012
124,Talking Heads – Stop Making Sense,(1984),"ALBUMS ON 2003 and 2012 LISTS, BUT NOT 2020 LIST",2003 and 2012
125,The Replacements – Tim,(1985),"ALBUMS ON 2003 and 2012 LISTS, BUT NOT 2020 LIST",2003 and 2012
126,The Pogues – Rum Sodomy & the Lash,(1985),"ALBUMS ON 2003 and 2012 LISTS, BUT NOT 2020 LIST",2003 and 2012
127,LL Cool J – Radio,(1985),"ALBUMS ON 2003 and 2012 LISTS, BUT NOT 2020 LIST",2003 and 2012
128,The Jesus and Mary Chain – Psychocandy,(1985),"ALBUMS ON 2003 and 2012 LISTS, BUT NOT 2020 LIST",2003 and 2012
129,The Smiths – Meat Is Murder,(1985),"ALBUMS ON 2003 and 2012 LISTS, BUT NOT 2020 LIST",2003 and 2012
130,Steve Earle – Guitar Town,(1986),"ALBUMS ON 2003 and 2012 LISTS, BUT NOT 2020 LIST",2003 and 2012
131,R.E.M. – Document,(1987),"ALBUMS ON 2003 and 2012 LISTS, BUT NOT 2020 LIST",2003 and 2012
132,Def Leppard – Hysteria,(1987),"ALBUMS ON 2003 and 2012 LISTS, BUT NOT 2020 LIST",2003 and 2012
133,Bruce Springsteen – Tunnel of Love,(1987),"ALBUMS ON 2003 and 2012 LISTS, BUT NOT 2020 LIST",2003 and 2012
134,Jane’s Addiction – Nothing’s Shocking,(1988),"ALBUMS ON 2003 and 2012 LISTS, BUT NOT 2020 LIST",2003 and 2012
135,EPMD – Strictly Business,(1988),"ALBUMS ON 2003 and 2012 LISTS, BUT NOT 2020 LIST",2003 and 2012
136,Don Henley – The End of the Innocence,(1989),"ALBUMS ON 2003 and 2012 LISTS, BUT NOT 2020 LIST",2003 and 2012
137,Pearl Jam – Vitalogy,(1994),"ALBUMS ON 2003 and 2012 LISTS, BUT NOT 2020 LIST",2003 and 2012
138,Johnny Cash – American Recordings,(1994),"ALBUMS ON 2003 and 2012 LISTS, BUT NOT 2020 LIST",2003 and 2012
139,Soundgarden – Superunknown,(1994),"ALBUMS ON 2003 and 2012 LISTS, BUT NOT 2020 LIST",2003 and 2012
140,Bob Dylan – Time Out of Mind,(1997),"ALBUMS ON 2003 and 2012 LISTS, BUT NOT 2020 LIST",2003 and 2012
141,Tom Waits – Mule Variations,(1999),"ALBUMS ON 2003 and 2012 LISTS, BUT NOT 2020 LIST",2003 and 2012
142,Moby – Play,(1999),"ALBUMS ON 2003 and 2012 LISTS, BUT NOT 2020 LIST",2003 and 2012
143,U2 – All That You Can’t Leave Behind,(2000),"ALBUMS ON 2003 and 2012 LISTS, BUT NOT 2020 LIST",2003 and 2012
144,Peter Wolf – Sleepless,(2002),"ALBUMS ON 2003 and 2012 LISTS, BUT NOT 2020 LIST",2003 and 2012
145,Beck – Sea Change,(2002),"ALBUMS ON 2003 and 2012 LISTS, BUT NOT 2020 LIST",2003 and 2012
1,"Robert Johnson – King of the Delta Blues Singers, Vol. 2",(1970),ALBUMS ON 2003 LIST ONLY,2003
2,Hank Williams- The Complete Hank Williams,(1998),ALBUMS ON 2003 LIST ONLY,2003
3,James Brown – 20 All-Time Greatest Hits,(1991),ALBUMS ON 2003 LIST ONLY,2003
4,Otis Redding – Dreams to Remember: The Otis Redding Anthology,(1998),ALBUMS ON 2003 LIST ONLY,2003
5,The Beatles – With the Beatles,(1963),ALBUMS ON 2003 LIST ONLY,2003
6,Simon and Garfunkel – Simon and Garfunkel’s Greatest Hits,(1972),ALBUMS ON 2003 LIST ONLY,2003
7,The Byrds – The Byrds’ Greatest Hits,(1967),ALBUMS ON 2003 LIST ONLY,2003
8,The Mamas & the Papas – Greatest Hits,(1968),ALBUMS ON 2003 LIST ONLY,2003
9,Otis Redding – Live in Europe,(1967),ALBUMS ON 2003 LIST ONLY,2003
10,Creedence Clearwater Revival – Green River,(1969),ALBUMS ON 2003 LIST ONLY,2003
11,Nick Drake – Five Leaves Left,(1969),ALBUMS ON 2003 LIST ONLY,2003
12,David Bowie – ChangesOneBowie,(1976),ALBUMS ON 2003 LIST ONLY,2003
13,The Beach Boys – Sunflower,(1970),ALBUMS ON 2003 LIST ONLY,2003
14,Elton John – Elton John,(1970),ALBUMS ON 2003 LIST ONLY,2003
15,Nick Drake – Bryter Layter,(1971),ALBUMS ON 2003 LIST ONLY,2003
16,Paul Simon – There Goes Rhymin’ Simon,(1973),ALBUMS ON 2003 LIST ONLY,2003
17,Bruce Springsteen – Greetings From Asbury Park N.J.,(1973),ALBUMS ON 2003 LIST ONLY,2003
18,Roxy Music – Country Life,(1974),ALBUMS ON 2003 LIST ONLY,2003
19,Def Leppard – Pyromania,(1983),ALBUMS ON 2003 LIST ONLY,2003
20,Public Enemy – Yo! Bum Rush the Stage,(1987),ALBUMS ON 2003 LIST ONLY,2003
21,Jane’s Addiction – Ritual De Lo Habitual,(1990),ALBUMS ON 2003 LIST ONLY,2003
22,No Doubt – Tragic Kingdom,(1995),ALBUMS ON 2003 LIST ONLY,2003
23,PJ Harvey – To Bring You My Love,(1995),ALBUMS ON 2003 LIST ONLY,2003
24,Smashing Pumpkins – Mellon Collie and the Infinite Sadness,(1995),ALBUMS ON 2003 LIST ONLY,2003
25,Buena Vista Social Club – Buena Vista Social Club,(1997),ALBUMS ON 2003 LIST ONLY,2003
26,Rage Against the Machine – The Battle of Los Angeles,(1999),ALBUMS ON 2003 LIST ONLY,2003
27,Madonna – Music,(2000),ALBUMS ON 2003 LIST ONLY,2003
28,No Doubt – Rock Steady,(2001),ALBUMS ON 2003 LIST ONLY,2003
29,Eminem – The Eminem Show,(2002),ALBUMS ON 2003 LIST ONLY,2003
1,1. The Complete Recordings – Robert Johnson,(1990),ALBUMS ON 2012 LIST ONLY,2012
2,2. The Beach Boys – The Smile Sessions,(2011),ALBUMS ON 2012 LIST ONLY,2012
3,3. Boz Scaggs – Boz Scaggs,(1969),ALBUMS ON 2012 LIST ONLY,2012
4,4. B.B. King – Live in Cook County Jail,(1971),ALBUMS ON 2012 LIST ONLY,2012
5,5. Leonard Cohen – Songs of Love And Hate,(1971),ALBUMS ON 2012 LIST ONLY,2012
6,6. Bonnie Raitt – Give It Up,(1972),ALBUMS ON 2012 LIST ONLY,2012
7,"7. Creedence Clearwater Revival – Chronicle, Vol. 1",(1976),ALBUMS ON 2012 LIST ONLY,2012
8,8. Manu Chao – Proxima Estacion Esperanza,(2001),ALBUMS ON 2012 LIST ONLY,2012
9,9. The White Stripes – White Blood Cells,(2001),ALBUMS ON 2012 LIST ONLY,2012
10,10. Radiohead – Amnesiac,(2001),ALBUMS ON 2012 LIST ONLY,2012
11,11. Bruce Springsteen – The Rising,(2002),ALBUMS ON 2012 LIST ONLY,2012
12,12. My Morning Jacket – Z,(2005),ALBUMS ON 2012 LIST ONLY,2012
13,13. Bob Dylan – Modern Times,(2006),ALBUMS ON 2012 LIST ONLY,2012
14,"14. Arctic Monkeys – Whatever People Say I Am, That’s What I’m Not",(2006),ALBUMS ON 2012 LIST ONLY,2012
15,15. MGMT – Oracular Spectacular,(2007),ALBUMS ON 2012 LIST ONLY,2012
16,16. M.I.A. – Kala,(2007),ALBUMS ON 2012 LIST ONLY,2012
17,17. Vampire Weekend – Vampire Weekend,(2008),ALBUMS ON 2012 LIST ONLY,2012
1,Robert Johnson – King of the Delta Blues Singers,(1961),ALBUMS ON 2003 AND 2020 LISTS BUT NOT 2012 LIST,2003 and 2020
2,Creedence Clearwater Revival – Cosmo’s Factory,(1970),ALBUMS ON 2003 AND 2020 LISTS BUT NOT 2012 LIST,2003 and 2020
3,Linda Ronstadt – Heart Like a Wheel,(1974),ALBUMS ON 2003 AND 2020 LISTS BUT NOT 2012 LIST,2003 and 2020
4,Roxy Music – Avalon,(1982),ALBUMS ON 2003 AND 2020 LISTS BUT NOT 2012 LIST,2003 and 2020
5,Alanis Morissette – Jagged Little Pill,(1995),ALBUMS ON 2003 AND 2020 LISTS BUT NOT 2012 LIST,2003 and 2020
6,Boogie Down Productions – Criminal Minded,(1987),ALBUMS ON 2003 AND 2020 LISTS BUT NOT 2012 LIST,2003 and 2020
7,Massive Attack – Mezzanine,(1998),ALBUMS ON 2003 AND 2020 LISTS BUT NOT 2012 LIST,2003 and 2020
1,Paul Simon – Paul Simon,(1972),ALBUMS ON 2012 AND 2020 LISTS BUT NOT 2003 LIST,2012 and 2020
2,Various Artists – The Indestructible Beat of Soweto,(1985),ALBUMS ON 2012 AND 2020 LISTS BUT NOT 2003 LIST,2012 and 2020
3,The Stone Roses – The Stone Roses,(1989),ALBUMS ON 2012 AND 2020 LISTS BUT NOT 2003 LIST,2012 and 2020
4,Radiohead – The Bends,(1995),ALBUMS ON 2012 AND 2020 LISTS BUT NOT 2003 LIST,2012 and 2020
5,Raekwon – Only Built 4 Cuban Linx,(1995),ALBUMS ON 2012 AND 2020 LISTS BUT NOT 2003 LIST,2012 and 2020
6,Sleater-Kinney – Dig Me Out,(1997),ALBUMS ON 2012 AND 2020 LISTS BUT NOT 2003 LIST,2012 and 2020
7,Outkast – Aquemini,(1998),ALBUMS ON 2012 AND 2020 LISTS BUT NOT 2003 LIST,2012 and 2020
8,The Magnetic Fields – 69 Love Songs,(1999),ALBUMS ON 2012 AND 2020 LISTS BUT NOT 2003 LIST,2012 and 2020
9,"PJ Harvey – Stories From The City, Stories From The Sea",(2000),ALBUMS ON 2012 AND 2020 LISTS BUT NOT 2003 LIST,2012 and 2020
10,Wilco – Yankee Hotel Foxtrot,(2001),ALBUMS ON 2012 AND 2020 LISTS BUT NOT 2003 LIST,2012 and 2020
11,Jay-Z – The Black Album,(2003),ALBUMS ON 2012 AND 2020 LISTS BUT NOT 2003 LIST,2012 and 2020
12,Green Day – American Idiot,(2004),ALBUMS ON 2012 AND 2020 LISTS BUT NOT 2003 LIST,2012 and 2020
13,Kanye West – The College Dropout,(2004),ALBUMS ON 2012 AND 2020 LISTS BUT NOT 2003 LIST,2012 and 2020
14,Kanye West – Late Registration,(2005),ALBUMS ON 2012 AND 2020 LISTS BUT NOT 2003 LIST,2012 and 2020
15,Amy Winehouse – Back to Black,(2006),ALBUMS ON 2012 AND 2020 LISTS BUT NOT 2003 LIST,2012 and 2020
16,Radiohead – In Rainbows,(2007),ALBUMS ON 2012 AND 2020 LISTS BUT NOT 2003 LIST,2012 and 2020
17,LCD Soundsystem – Sound of Silver,(2007),ALBUMS ON 2012 AND 2020 LISTS BUT NOT 2003 LIST,2012 and 2020
18,Lil Wayne – Tha Carter III,(2008),ALBUMS ON 2012 AND 2020 LISTS BUT NOT 2003 LIST,2012 and 2020
19,Kanye West – My Beautiful Dark Twisted Fantasy,(2010),ALBUMS ON 2012 AND 2020 LISTS BUT NOT 2003 LIST,2012 and 2020
1,Billie Holiday – Lady in Satin,(1958),ALBUMS ON 2020 LIST BUT NOT ON 2003 OR 2012 LISTS,2020
2,Charles Mingus – Mingus Ah Um,(1959),ALBUMS ON 2020 LIST BUT NOT ON 2003 OR 2012 LISTS,2020
3,Nina Simone – Wild Is the Wind,(1966),ALBUMS ON 2020 LIST BUT NOT ON 2003 OR 2012 LISTS,2020
4,Leonard Cohen – Songs of Leonard Cohen,(1967),ALBUMS ON 2020 LIST BUT NOT ON 2003 OR 2012 LISTS,2020
5,The Beach Boys – Wild Honey,(1967),ALBUMS ON 2020 LIST BUT NOT ON 2003 OR 2012 LISTS,2020
6,The Four Tops – Reach Out,(1967),ALBUMS ON 2020 LIST BUT NOT ON 2003 OR 2012 LISTS,2020
7,Laura Nyro – Eli & the 13th Confession,(1968),ALBUMS ON 2020 LIST BUT NOT ON 2003 OR 2012 LISTS,2020
8,Roberta Flack – First Take,(1969),ALBUMS ON 2020 LIST BUT NOT ON 2003 OR 2012 LISTS,2020
9,Isaac Hayes – Hot Buttered Soul,(1969),ALBUMS ON 2020 LIST BUT NOT ON 2003 OR 2012 LISTS,2020
10,King Sunny Adé – The Best of the Classic Years,(2003),ALBUMS ON 2020 LIST BUT NOT ON 2003 OR 2012 LISTS,2020
11,Curtis Mayfield – Curtis,(1970),ALBUMS ON 2020 LIST BUT NOT ON 2003 OR 2012 LISTS,2020
12,James Brown – Sex Machine,(1970),ALBUMS ON 2020 LIST BUT NOT ON 2003 OR 2012 LISTS,2020
13,Harry Nilsson – Nilsson Schmilsson,(1971),ALBUMS ON 2020 LIST BUT NOT ON 2003 OR 2012 LISTS,2020
14,Bill Withers – Just As I Am,(1971),ALBUMS ON 2020 LIST BUT NOT ON 2003 OR 2012 LISTS,2020
15,Loretta Lynn – Coal Miner’s Daughter,(1971),ALBUMS ON 2020 LIST BUT NOT ON 2003 OR 2012 LISTS,2020
16,Alice Coltrane – Journey in Satchidanada,(1971),ALBUMS ON 2020 LIST BUT NOT ON 2003 OR 2012 LISTS,2020
17,Paul and Linda McCartney – Ram,(1971),ALBUMS ON 2020 LIST BUT NOT ON 2003 OR 2012 LISTS,2020
18,Aretha Franklin – Amazing Grace,(1972),ALBUMS ON 2020 LIST BUT NOT ON 2003 OR 2012 LISTS,2020
19,Bill Withers – Still Bill,(1972),ALBUMS ON 2020 LIST BUT NOT ON 2003 OR 2012 LISTS,2020
20,"Aretha Franklin – Young, Gifted and Black",(1972),ALBUMS ON 2020 LIST BUT NOT ON 2003 OR 2012 LISTS,2020
21,Can – Ege Bamyasi,(1972),ALBUMS ON 2020 LIST BUT NOT ON 2003 OR 2012 LISTS,2020
22,Yes – Close to the Edge,(1972),ALBUMS ON 2020 LIST BUT NOT ON 2003 OR 2012 LISTS,2020
23,Herbie Hancock – Head Hunters,(1973),ALBUMS ON 2020 LIST BUT NOT ON 2003 OR 2012 LISTS,2020
24,The Isley Brothers – 3 + 3,(1973),ALBUMS ON 2020 LIST BUT NOT ON 2003 OR 2012 LISTS,2020
25,Sparks – Kimono My House,(1974),ALBUMS ON 2020 LIST BUT NOT ON 2003 OR 2012 LISTS,2020
26,Neil Young – On the Beach,(1974),ALBUMS ON 2020 LIST BUT NOT ON 2003 OR 2012 LISTS,2020
27,Joni Mitchell – The Hissing of Summer Lawns,(1975),ALBUMS ON 2020 LIST BUT NOT ON 2003 OR 2012 LISTS,2020
28,Fela Kuti and Africa 70 – Expensive Shit,(1975),ALBUMS ON 2020 LIST BUT NOT ON 2003 OR 2012 LISTS,2020
29,Donna Summer – Bad Girls,(1975),ALBUMS ON 2020 LIST BUT NOT ON 2003 OR 2012 LISTS,2020
30,Joni Mitchell – Hejira,(1976),ALBUMS ON 2020 LIST BUT NOT ON 2003 OR 2012 LISTS,2020
31,Blondie – Blondie,(1977),ALBUMS ON 2020 LIST BUT NOT ON 2003 OR 2012 LISTS,2020
32,Rufus (ft. Chaka Khan) – Ask Rufus,(1977),ALBUMS ON 2020 LIST BUT NOT ON 2003 OR 2012 LISTS,2020
33,X-Ray Spex – Germfree Adolescents,(1978),ALBUMS ON 2020 LIST BUT NOT ON 2003 OR 2012 LISTS,2020
34,The Raincoats – The Raincoats,(1979),ALBUMS ON 2020 LIST BUT NOT ON 2003 OR 2012 LISTS,2020
35,The Slits – Cut,(1979),ALBUMS ON 2020 LIST BUT NOT ON 2003 OR 2012 LISTS,2020
36,Chic – Risqué,(1979),ALBUMS ON 2020 LIST BUT NOT ON 2003 OR 2012 LISTS,2020
37,Joy Division – Unknown Pleasures,(1980),ALBUMS ON 2020 LIST BUT NOT ON 2003 OR 2012 LISTS,2020
38,Motörhead – Ace of Spades,(1980),ALBUMS ON 2020 LIST BUT NOT ON 2003 OR 2012 LISTS,2020
39,Diana Ross – Diana,(1980),ALBUMS ON 2020 LIST BUT NOT ON 2003 OR 2012 LISTS,2020
40,David Bowie – Scary Monsters,(1980),ALBUMS ON 2020 LIST BUT NOT ON 2003 OR 2012 LISTS,2020
41,Rush – Moving Pictures,(1981),ALBUMS ON 2020 LIST BUT NOT ON 2003 OR 2012 LISTS,2020
42,Luther Vandross – Never Too Much,(1981),ALBUMS ON 2020 LIST BUT NOT ON 2003 OR 2012 LISTS,2020
43,"New Order – Power, Corruption & Lies",(1983),ALBUMS ON 2020 LIST BUT NOT ON 2003 OR 2012 LISTS,2020
44,Sade – Diamond Life,(1984),ALBUMS ON 2020 LIST BUT NOT ON 2003 OR 2012 LISTS,2020
45,Kate Bush – Hounds of Love,(1985),ALBUMS ON 2020 LIST BUT NOT ON 2003 OR 2012 LISTS,2020
46,Janet Jackson – Control,(1986),ALBUMS ON 2020 LIST BUT NOT ON 2003 OR 2012 LISTS,2020
47,Anita Baker – Rapture,(1986),ALBUMS ON 2020 LIST BUT NOT ON 2003 OR 2012 LISTS,2020
48,Pet Shop Boys – Actually,(1987),ALBUMS ON 2020 LIST BUT NOT ON 2003 OR 2012 LISTS,2020
49,Lucinda Williams – Lucinda Williams,(1988),ALBUMS ON 2020 LIST BUT NOT ON 2003 OR 2012 LISTS,2020
50,Nine Inch Nails – Pretty Hate Machine,(1989),ALBUMS ON 2020 LIST BUT NOT ON 2003 OR 2012 LISTS,2020
51,Tom Petty – Full Moon Fever,(1989),ALBUMS ON 2020 LIST BUT NOT ON 2003 OR 2012 LISTS,2020
52,Ice Cube – AmeriKKKa’s Most Wanted,(1990),ALBUMS ON 2020 LIST BUT NOT ON 2003 OR 2012 LISTS,2020
53,Cocteau Twins – Heaven or Las Vegas,(1990),ALBUMS ON 2020 LIST BUT NOT ON 2003 OR 2012 LISTS,2020
54,Sonic Youth – Goo,(1990),ALBUMS ON 2020 LIST BUT NOT ON 2003 OR 2012 LISTS,2020
55,Boyz II Men – II,(1991),ALBUMS ON 2020 LIST BUT NOT ON 2003 OR 2012 LISTS,2020
56,Primal Scream – Screamadelica,(1991),ALBUMS ON 2020 LIST BUT NOT ON 2003 OR 2012 LISTS,2020
57,LL Cool J – Mama Said Knock You Out,(1991),ALBUMS ON 2020 LIST BUT NOT ON 2003 OR 2012 LISTS,2020
58,De La Soul – De La Soul Is Dead,(1991),ALBUMS ON 2020 LIST BUT NOT ON 2003 OR 2012 LISTS,2020
59,Tori Amos – Little Earthquakes,(1992),ALBUMS ON 2020 LIST BUT NOT ON 2003 OR 2012 LISTS,2020
60,Sade – Love Deluxe,(1992),ALBUMS ON 2020 LIST BUT NOT ON 2003 OR 2012 LISTS,2020
61,Beastie Boys – Check Your Head,(1992),ALBUMS ON 2020 LIST BUT NOT ON 2003 OR 2012 LISTS,2020
62,Mary J. Blige – What’s the 411?,(1992),ALBUMS ON 2020 LIST BUT NOT ON 2003 OR 2012 LISTS,2020
63,The Pharcyde – Bizarre Ride II the Pharcyde,(1992),ALBUMS ON 2020 LIST BUT NOT ON 2003 OR 2012 LISTS,2020
64,The Breeders – Last Splash,(1993),ALBUMS ON 2020 LIST BUT NOT ON 2003 OR 2012 LISTS,2020
65,Snoop Doggy Dogg – Doggystyle,(1993),ALBUMS ON 2020 LIST BUT NOT ON 2003 OR 2012 LISTS,2020
66,A Tribe Called Quest – Midnight Marauders,(1993),ALBUMS ON 2020 LIST BUT NOT ON 2003 OR 2012 LISTS,2020
67,Tom Petty – Wildflowers,(1994),ALBUMS ON 2020 LIST BUT NOT ON 2003 OR 2012 LISTS,2020
68,Oasis – Definitely Maybe,(1994),ALBUMS ON 2020 LIST BUT NOT ON 2003 OR 2012 LISTS,2020
69,Selena – Amor Prohibido,(1994),ALBUMS ON 2020 LIST BUT NOT ON 2003 OR 2012 LISTS,2020
70,Blur – Parklife,(1994),ALBUMS ON 2020 LIST BUT NOT ON 2003 OR 2012 LISTS,2020
71,Pavement – Wowee Zowee,(1995),ALBUMS ON 2020 LIST BUT NOT ON 2003 OR 2012 LISTS,2020
72,GZA – Liquid Swords,(1995),ALBUMS ON 2020 LIST BUT NOT ON 2003 OR 2012 LISTS,2020
73,Mobb Depp – The Infamous,(1995),ALBUMS ON 2020 LIST BUT NOT ON 2003 OR 2012 LISTS,2020
74,Pulp – Different Class,(1995),ALBUMS ON 2020 LIST BUT NOT ON 2003 OR 2012 LISTS,2020
75,D’Angelo – Brown Sugar,(1995),ALBUMS ON 2020 LIST BUT NOT ON 2003 OR 2012 LISTS,2020
76,Aaliyah – One in a Million,(1996),ALBUMS ON 2020 LIST BUT NOT ON 2003 OR 2012 LISTS,2020
77,2Pac – All Eyez on Me,(1996),ALBUMS ON 2020 LIST BUT NOT ON 2003 OR 2012 LISTS,2020
78,Belle and Sebastian – If You’re Feeling Sinister,(1996),ALBUMS ON 2020 LIST BUT NOT ON 2003 OR 2012 LISTS,2020
79,Sheryl Crow – Sheryl Crow,(1996),ALBUMS ON 2020 LIST BUT NOT ON 2003 OR 2012 LISTS,2020
80,DJ Shadow – Endtroducing,(1996),ALBUMS ON 2020 LIST BUT NOT ON 2003 OR 2012 LISTS,2020
81,Shania Twain – Come on Over,(1997),ALBUMS ON 2020 LIST BUT NOT ON 2003 OR 2012 LISTS,2020
82,Yo La Tengo – I Can Hear the Heart Beating As One,(1997),ALBUMS ON 2020 LIST BUT NOT ON 2003 OR 2012 LISTS,2020
83,Erykah Badu – Baduizm,(1997),ALBUMS ON 2020 LIST BUT NOT ON 2003 OR 2012 LISTS,2020
84,Björk – Homogenic,(1997),ALBUMS ON 2020 LIST BUT NOT ON 2003 OR 2012 LISTS,2020
85,Missy “Misdemeanor” Elliott – Supa Dupa Fly,(1997),ALBUMS ON 2020 LIST BUT NOT ON 2003 OR 2012 LISTS,2020
86,Elliott Smith – Either/Or,(1997),ALBUMS ON 2020 LIST BUT NOT ON 2003 OR 2012 LISTS,2020
87,Neutral Milk Hotel – In the Aeroplane Over the Sea,(1998),ALBUMS ON 2020 LIST BUT NOT ON 2003 OR 2012 LISTS,2020
88,Manu Chao – Clandestino,(1998),ALBUMS ON 2020 LIST BUT NOT ON 2003 OR 2012 LISTS,2020
89,Juvenile – 400 Degreez,(1998),ALBUMS ON 2020 LIST BUT NOT ON 2003 OR 2012 LISTS,2020
90,Shakira – Dónde Están los Ladrones,(1998),ALBUMS ON 2020 LIST BUT NOT ON 2003 OR 2012 LISTS,2020
91,Kelis – Kaleidoscope,(1999),ALBUMS ON 2020 LIST BUT NOT ON 2003 OR 2012 LISTS,2020
92,The Roots – Things Fall Apart,(1999),ALBUMS ON 2020 LIST BUT NOT ON 2003 OR 2012 LISTS,2020
93,Destiny’s Child – The Writing’s on the Wall,(1999),ALBUMS ON 2020 LIST BUT NOT ON 2003 OR 2012 LISTS,2020
94,Fiona Apple – When the Pawn…,(1999),ALBUMS ON 2020 LIST BUT NOT ON 2003 OR 2012 LISTS,2020
95,Dixie Chicks – Fly,(1999),ALBUMS ON 2020 LIST BUT NOT ON 2003 OR 2012 LISTS,2020
96,Erykah Badu – Mama’s Gun,(2000),ALBUMS ON 2020 LIST BUT NOT ON 2003 OR 2012 LISTS,2020
97,Ghostface Killah – Supreme Clientele,(2000),ALBUMS ON 2020 LIST BUT NOT ON 2003 OR 2012 LISTS,2020
98,Daft Punk – Discovery,(2001),ALBUMS ON 2020 LIST BUT NOT ON 2003 OR 2012 LISTS,2020
99,Gillian Welch – Time (The Revelator),(2001),ALBUMS ON 2020 LIST BUT NOT ON 2003 OR 2012 LISTS,2020
100,50 Cent – Get Rich or Die Tryin’,(2002),ALBUMS ON 2020 LIST BUT NOT ON 2003 OR 2012 LISTS,2020
101,OutKast – Speakerboxxx/The Love Below,(2003),ALBUMS ON 2020 LIST BUT NOT ON 2003 OR 2012 LISTS,2020
102,Alicia Keys – The Diary of Alicia Keys,(2003),ALBUMS ON 2020 LIST BUT NOT ON 2003 OR 2012 LISTS,2020
103,Yeah Yeah Yeahs – Fever to Tell,(2003),ALBUMS ON 2020 LIST BUT NOT ON 2003 OR 2012 LISTS,2020
104,Daddy Yankee – Barrio Fino,(2004),ALBUMS ON 2020 LIST BUT NOT ON 2003 OR 2012 LISTS,2020
105,Madvillain – Madvillainy,(2004),ALBUMS ON 2020 LIST BUT NOT ON 2003 OR 2012 LISTS,2020
106,Brian Wilson – Smile,(2004),ALBUMS ON 2020 LIST BUT NOT ON 2003 OR 2012 LISTS,2020
107,Usher – Confessions,(2004),ALBUMS ON 2020 LIST BUT NOT ON 2003 OR 2012 LISTS,2020
108,Arcade Fire – Funeral,(2004),ALBUMS ON 2020 LIST BUT NOT ON 2003 OR 2012 LISTS,2020
109,Fiona Apple – Extraordinary Machine,(2005),ALBUMS ON 2020 LIST BUT NOT ON 2003 OR 2012 LISTS,2020
110,Lil Wayne – Tha Carter II,(2005),ALBUMS ON 2020 LIST BUT NOT ON 2003 OR 2012 LISTS,2020
111,Mariah Carey – The Emancipation of Mimi,(2005),ALBUMS ON 2020 LIST BUT NOT ON 2003 OR 2012 LISTS,2020
112,M.I.A. – Arular,(2005),ALBUMS ON 2020 LIST BUT NOT ON 2003 OR 2012 LISTS,2020
113,John Mayer – Continuum,(2006),ALBUMS ON 2020 LIST BUT NOT ON 2003 OR 2012 LISTS,2020
114,My Chemical Romance – The Black Parade,(2006),ALBUMS ON 2020 LIST BUT NOT ON 2003 OR 2012 LISTS,2020
115,J Dilla – Donuts,(2006),ALBUMS ON 2020 LIST BUT NOT ON 2003 OR 2012 LISTS,2020
116,Kanye West – Graduation,(2007),ALBUMS ON 2020 LIST BUT NOT ON 2003 OR 2012 LISTS,2020
117,Britney Spears – Blackout,(2007),ALBUMS ON 2020 LIST BUT NOT ON 2003 OR 2012 LISTS,2020
118,Kanye West – 808s & Heartbreak,(2008),ALBUMS ON 2020 LIST BUT NOT ON 2003 OR 2012 LISTS,2020
119,Bon Iver – For Emma Forever Ago,(2008),ALBUMS ON 2020 LIST BUT NOT ON 2003 OR 2012 LISTS,2020
120,Kid Cudi – Man on the Moon: The End of the Day,(2009),ALBUMS ON 2020 LIST BUT NOT ON 2003 OR 2012 LISTS,2020
121,Maxwell – BLACKsummers’night,(2009),ALBUMS ON 2020 LIST BUT NOT ON 2003 OR 2012 LISTS,2020
122,Robyn – Body Talk,(2010),ALBUMS ON 2020 LIST BUT NOT ON 2003 OR 2012 LISTS,2020
123,Drake – Take Care,(2011),ALBUMS ON 2020 LIST BUT NOT ON 2003 OR 2012 LISTS,2020
124,Adele – 21,(2011),ALBUMS ON 2020 LIST BUT NOT ON 2003 OR 2012 LISTS,2020
125,Lady Gaga – Born This Way,(2011),ALBUMS ON 2020 LIST BUT NOT ON 2003 OR 2012 LISTS,2020
126,Eric Church – Chief,(2011),ALBUMS ON 2020 LIST BUT NOT ON 2003 OR 2012 LISTS,2020
127,Frank Ocean – Channel Orange,(2012),ALBUMS ON 2020 LIST BUT NOT ON 2003 OR 2012 LISTS,2020
128,"Kendrick Lamar, ‘good kid, m.A.A.d city’",(2012),ALBUMS ON 2020 LIST BUT NOT ON 2003 OR 2012 LISTS,2020
129,Fiona Apple – The Idler Wheel…,(2012),ALBUMS ON 2020 LIST BUT NOT ON 2003 OR 2012 LISTS,2020
130,Taylor Swift – Red,(2012),ALBUMS ON 2020 LIST BUT NOT ON 2003 OR 2012 LISTS,2020
131,Beyoncé – Beyoncé,(2013),ALBUMS ON 2020 LIST BUT NOT ON 2003 OR 2012 LISTS,2020
132,Daft Punk – Random Access Memories,(2013),ALBUMS ON 2020 LIST BUT NOT ON 2003 OR 2012 LISTS,2020
133,Vampire Weekend – Modern Vampires of the City,(2013),ALBUMS ON 2020 LIST BUT NOT ON 2003 OR 2012 LISTS,2020
134,Arctic Monkeys – AM,(2013),ALBUMS ON 2020 LIST BUT NOT ON 2003 OR 2012 LISTS,2020
135,Kanye West – Yeezus,(2013),ALBUMS ON 2020 LIST BUT NOT ON 2003 OR 2012 LISTS,2020
136,Jason Isbell – Southeastern,(2013),ALBUMS ON 2020 LIST BUT NOT ON 2003 OR 2012 LISTS,2020
137,Taylor Swift – 1989,(2014),ALBUMS ON 2020 LIST BUT NOT ON 2003 OR 2012 LISTS,2020
138,D’Angelo and the Vanguard – Black Messiah,(2014),ALBUMS ON 2020 LIST BUT NOT ON 2003 OR 2012 LISTS,2020
139,Kendrick Lamar – To Pimp A Butterfly,(2015),ALBUMS ON 2020 LIST BUT NOT ON 2003 OR 2012 LISTS,2020
140,The Weeknd – Beauty Behind the Madness,(2015),ALBUMS ON 2020 LIST BUT NOT ON 2003 OR 2012 LISTS,2020
141,Drake – If You’re Reading This It’s Too Late,(2015),ALBUMS ON 2020 LIST BUT NOT ON 2003 OR 2012 LISTS,2020
142,Tame Impala – Currents,(2015),ALBUMS ON 2020 LIST BUT NOT ON 2003 OR 2012 LISTS,2020
143,Beyoncé – Lemonade,(2016),ALBUMS ON 2020 LIST BUT NOT ON 2003 OR 2012 LISTS,2020
144,Frank Ocean – Blond,(2016),ALBUMS ON 2020 LIST BUT NOT ON 2003 OR 2012 LISTS,2020
145,Rihanna – Anti,(2016),ALBUMS ON 2020 LIST BUT NOT ON 2003 OR 2012 LISTS,2020
146,Miranda Lambert – The Weight of These Wings,(2016),ALBUMS ON 2020 LIST BUT NOT ON 2003 OR 2012 LISTS,2020
147,Solange – A Seat at the Table,(2016),ALBUMS ON 2020 LIST BUT NOT ON 2003 OR 2012 LISTS,2020
148,Kendrick Lamar – DAMN,(2017),ALBUMS ON 2020 LIST BUT NOT ON 2003 OR 2012 LISTS,2020
149,Lorde – Melodrama,(2017),ALBUMS ON 2020 LIST BUT NOT ON 2003 OR 2012 LISTS,2020
150,SZA – Ctrl,(2017),ALBUMS ON 2020 LIST BUT NOT ON 2003 OR 2012 LISTS,2020
151,Bad Bunny – X 100pre,(2018),ALBUMS ON 2020 LIST BUT NOT ON 2003 OR 2012 LISTS,2020
152,Rosalía – El Mal Querer,(2018),ALBUMS ON 2020 LIST BUT NOT ON 2003 OR 2012 LISTS,2020
153,Kacey Musgraves – Golden Hour,(2018),ALBUMS ON 2020 LIST BUT NOT ON 2003 OR 2012 LISTS,2020
154,Harry Styles – Fine Line,(2019),ALBUMS ON 2020 LIST BUT NOT ON 2003 OR 2012 LISTS,2020
155,Lana Del Rey – Norman Fucking Rockwell,(2019),ALBUMS ON 2020 LIST BUT NOT ON 2003 OR 2012 LISTS,2020
156,"Billie Eilish – When We All Fall Asleep, Where Do We Go?",(2019),ALBUMS ON 2020 LIST BUT NOT ON 2003 OR 2012 LISTS,2020